<?xml version="1.0" encoding="UTF-8"?>
<svg width="16px" height="16px" viewBox="0 0 16 16" version="1.1" xmlns="http://www.w3.org/2000/svg" xmlns:xlink="http://www.w3.org/1999/xlink">
    <title>D900EFB1-51C1-4459-AD3B-D43AF53BB8FC</title>
    <g id="Page-1" stroke="none" stroke-width="1" fill="none" fill-rule="evenodd">
        <g id="1.-Home" transform="translate(-759.000000, -2020.000000)" fill="#FFFFFF" fill-rule="nonzero">
            <g id="Footer" transform="translate(0.000000, 1752.000000)">
                <g id="Group-11" transform="translate(647.000000, 255.000000)">
                    <polygon id="Path" points="120 13 118.59 14.41 124.17 20 112 20 112 22 124.17 22 118.59 27.59 120 29 128 21"></polygon>
                </g>
            </g>
        </g>
    </g>
</svg>